{"cameraMode":{"drawMode":0,"name":"Shaded","section":"Shading Mode"},"sceneLighting":true,"audioPlay":false,"sceneViewState":{"showFog":true,"showMaterialUpdate":true,"showSkybox":true,"showFlares":true,"showImageEffects":true,"showParticleSystems":true},"in2DMode":false,"pivot":{"x":2.8331847190856935,"y":2.6167144775390627,"z":-0.9704813957214356},"rotation":{"x":-0.02877083048224449,"y":0.9301326274871826,"z":0.07466535270214081,"w":0.3584073483943939},"size":3.7020761966705324,"orthographic":false}