{"cameraMode":{"drawMode":0,"name":"Shaded","section":"Shading Mode"},"sceneLighting":false,"audioPlay":false,"sceneViewState":{"showFog":true,"showMaterialUpdate":true,"showSkybox":false,"showFlares":true,"showImageEffects":true,"showParticleSystems":true},"in2DMode":false,"pivot":{"x":368.68475341796877,"y":209.13182067871095,"z":75.864990234375},"rotation":{"x":0.05071251094341278,"y":-0.48081159591674807,"z":0.027869632467627527,"w":0.8749140501022339},"size":299.380859375,"orthographic":false}