{"cameraMode":{"drawMode":0,"name":"Shaded","section":"Shading Mode"},"sceneLighting":false,"audioPlay":false,"sceneViewState":{"showFog":true,"showMaterialUpdate":true,"showSkybox":false,"showFlares":true,"showImageEffects":true,"showParticleSystems":true},"in2DMode":false,"pivot":{"x":3.940000057220459,"y":3.6999998092651369,"z":4.320000171661377},"rotation":{"x":0.19243036210536958,"y":0.1657295525074005,"z":-0.03299173712730408,"w":0.9666529297828674},"size":1.299038052558899,"orthographic":false}