{"cameraMode":{"drawMode":0,"name":"Shaded","section":"Shading Mode"},"sceneLighting":false,"audioPlay":false,"sceneViewState":{"showFog":true,"showMaterialUpdate":true,"showSkybox":false,"showFlares":true,"showImageEffects":true,"showParticleSystems":true},"in2DMode":false,"pivot":{"x":-1.3512060642242432,"y":0.22633209824562074,"z":0.4467008709907532},"rotation":{"x":0.1576661765575409,"y":0.029620284214615823,"z":-0.0047303675673902039,"w":0.9870410561561585},"size":1.224745273590088,"orthographic":false}