{"cameraMode":{"drawMode":0,"name":"Shaded","section":"Shading Mode"},"sceneLighting":false,"audioPlay":false,"sceneViewState":{"showFog":true,"showMaterialUpdate":true,"showSkybox":false,"showFlares":true,"showImageEffects":true,"showParticleSystems":true},"in2DMode":false,"pivot":{"x":4.39900016784668,"y":3.8759539127349855,"z":-3.0789999961853029},"rotation":{"x":0.03394511714577675,"y":-0.7486474514007568,"z":0.038446564227342609,"w":0.6609861254692078},"size":0.0866025984287262,"orthographic":false}