{"cameraMode":{"drawMode":0,"name":"Shaded","section":"Shading Mode"},"sceneLighting":false,"audioPlay":false,"sceneViewState":{"showFog":true,"showMaterialUpdate":false,"showSkybox":false,"showFlares":true,"showImageEffects":true,"showParticleSystems":true},"in2DMode":false,"pivot":{"x":4.39900016784668,"y":3.8759539127349855,"z":-3.0789999961853029},"rotation":{"x":-0.06443136185407639,"y":0.6068282127380371,"z":-0.049450017511844638,"w":-0.7906726002693176},"size":0.1732049137353897,"orthographic":false}